fecha,maquina,hora_inicio,turno,persona,referencia,estilo,nro_hilo,lote,nro_cadena,metros_engomar,metros_producidos,fecha_fin,hora_fin,nro_plegador
20260914,ENGOMADORA  # 01,01:35,Tercer Turno,"FELIX, GONZALEZ",0105-43662,BULLDENIM  11,4152,200080,7,2500,2500,15/09/26,02:50,57
20260914,ENGOMADORA  # 01,02:55,Tercer Turno,"FELIX, GONZALEZ",0105-43662,BULLDENIM  11,4152,200080,8,2500,2200,15/09/26,04:10,161
20260914,ENGOMADORA  # 01,12:10,Primer Turno,"JOEL, CAMPOS",0105-43662,BULLDENIM  11,4152,200080,1,2500,0,14/09/26,14:00,60
20260914,ENGOMADORA  # 01,16:34,Segundo Turno,"JHONNY, BELLO",0105-43662,BULLDENIM  11,4152,200080,1,2500,2455,14/09/26,17:34,60
20260914,ENGOMADORA  # 01,17:45,Segundo Turno,"JHONNY, BELLO",0105-43662,BULLDENIM  11,4152,200080,2,2500,2500,14/09/26,18:55,163
20260914,ENGOMADORA  # 01,19:10,Segundo Turno,"JHONNY, BELLO",0105-43662,BULLDENIM  11,4152,200080,3,2500,2500,14/09/26,20:10,65
20260914,ENGOMADORA  # 01,20:20,Segundo Turno,"JHONNY, BELLO",0105-43662,BULLDENIM  11,4152,200080,4,2500,2500,14/09/26,21:20,162
20260914,ENGOMADORA  # 01,22:20,Tercer Turno,"FELIX, GONZALEZ",0105-43662,BULLDENIM  11,4152,200080,5,2500,2500,14/09/26,23:55,79
20260914,ENGOMADORA  # 01,23:59,Tercer Turno,"FELIX, GONZALEZ",0105-43662,BULLDENIM  11,4152,200080,6,2500,2500,15/09/26,01:30,74
20260914,ENGOMADORA  # 02,08:00,Primer Turno,"JOEL, CAMPOS",0105-43666,ALEXA  L,4152,302194,8,2300,2100,14/09/26,09:10,13
20260914,ENGOMADORA  # 02,09:20,Primer Turno,"JOEL, CAMPOS",0105-43666,ALEXA  L,4152,302194,9,2300,2500,14/09/26,11:20,58
20260914,ENGOMADORA  # 02,11:30,Primer Turno,"JOEL, CAMPOS",0105-43666,ALEXA  L,4152,302194,10,2300,770,14/09/26,12:10,148
20260914,ENGOMADORA  # 02,04:15,Tercer Turno,"FELIX, GONZALEZ",0105-43621,ARANDANO NEGRO,4690,301193,1,2300,0,15/09/26,05:59,0
